Workbook

Sheet Dashboard
A1: PETROTECH ENERGY LTD. — MONTHLY EXECUTIVE PRODUCTION DASHBOARD
A3: TOTAL OIL (bbl/day) | B3: TOTAL GAS (Mscf/day) | C3: AVG WATER CUT | D3: ACTIVE WELLS | E3: AVG DOWNTIME (hrs)
A4: =KPIs!B2 -> 49952.2 | B4: =KPIs!B3 -> 49793.2 | C4: =KPIs!B4/100 -> 0.305925 | D4: =KPIs!B10 -> 114 | E4: =KPIs!B12 -> 17.281667
A6: See 'Charts' tab for Oil by Field, Water Cut, Pump Type, Pressure, and Status charts.
A8: TOP 10 WELLS BY OIL PRODUCTION
A9: Rank | B9: Well ID | C9: Field | D9: Pump Type | E9: Oil (bbl/day)
A10: 1 | B10: {=INDEX(Raw_Data!$A$2:$A$121,MATCH(E10,Raw_Data!$F$2:$F$121,0))} -> W-019 | C10: {=INDEX(Raw_Data!$B$2:$B$121,MATCH(E10,Raw_Data!$F$2:$F$121,0))} -> Alpha | D10: {=INDEX(Raw_Data!$E$2:$E$121,MATCH(E10,Raw_Data!$F$2:$F$121,0))} -> ESP | E10: =LARGE(Raw_Data!$F$2:$F$121,1) -> 969.1
A11: 2 | B11: {=INDEX(Raw_Data!$A$2:$A$121,MATCH(E11,Raw_Data!$F$2:$F$121,0))} -> W-020 | C11: {=INDEX(Raw_Data!$B$2:$B$121,MATCH(E11,Raw_Data!$F$2:$F$121,0))} -> Alpha | D11: {=INDEX(Raw_Data!$E$2:$E$121,MATCH(E11,Raw_Data!$F$2:$F$121,0))} -> ESP | E11: =LARGE(Raw_Data!$F$2:$F$121,2) -> 959.5
A12: 3 | B12: {=INDEX(Raw_Data!$A$2:$A$121,MATCH(E12,Raw_Data!$F$2:$F$121,0))} -> W-011 | C12: {=INDEX(Raw_Data!$B$2:$B$121,MATCH(E12,Raw_Data!$F$2:$F$121,0))} -> Charlie | D12: {=INDEX(Raw_Data!$E$2:$E$121,MATCH(E12,Raw_Data!$F$2:$F$121,0))} -> ESP | E12: =LARGE(Raw_Data!$F$2:$F$121,3) -> 903
A13: 4 | B13: {=INDEX(Raw_Data!$A$2:$A$121,MATCH(E13,Raw_Data!$F$2:$F$121,0))} -> W-102 | C13: {=INDEX(Raw_Data!$B$2:$B$121,MATCH(E13,Raw_Data!$F$2:$F$121,0))} -> Bravo | D13: {=INDEX(Raw_Data!$E$2:$E$121,MATCH(E13,Raw_Data!$F$2:$F$121,0))} -> ESP | E13: =LARGE(Raw_Data!$F$2:$F$121,4) -> 898.2
A14: 5 | B14: {=INDEX(Raw_Data!$A$2:$A$121,MATCH(E14,Raw_Data!$F$2:$F$121,0))} -> W-070 | C14: {=INDEX(Raw_Data!$B$2:$B$121,MATCH(E14,Raw_Data!$F$2:$F$121,0))} -> Bravo | D14: {=INDEX(Raw_Data!$E$2:$E$121,MATCH(E14,Raw_Data!$F$2:$F$121,0))} -> ESP | E14: =LARGE(Raw_Data!$F$2:$F$121,5) -> 840.4
A15: 6 | B15: {=INDEX(Raw_Data!$A$2:$A$121,MATCH(E15,Raw_Data!$F$2:$F$121,0))} -> W-109 | C15: {=INDEX(Raw_Data!$B$2:$B$121,MATCH(E15,Raw_Data!$F$2:$F$121,0))} -> Charlie | D15: {=INDEX(Raw_Data!$E$2:$E$121,MATCH(E15,Raw_Data!$F$2:$F$121,0))} -> ESP | E15: =LARGE(Raw_Data!$F$2:$F$121,6) -> 809.4
A16: 7 | B16: {=INDEX(Raw_Data!$A$2:$A$121,MATCH(E16,Raw_Data!$F$2:$F$121,0))} -> W-097 | C16: {=INDEX(Raw_Data!$B$2:$B$121,MATCH(E16,Raw_Data!$F$2:$F$121,0))} -> Bravo | D16: {=INDEX(Raw_Data!$E$2:$E$121,MATCH(E16,Raw_Data!$F$2:$F$121,0))} -> ESP | E16: =LARGE(Raw_Data!$F$2:$F$121,7) -> 784.9
A17: 8 | B17: {=INDEX(Raw_Data!$A$2:$A$121,MATCH(E17,Raw_Data!$F$2:$F$121,0))} -> W-009 | C17: {=INDEX(Raw_Data!$B$2:$B$121,MATCH(E17,Raw_Data!$F$2:$F$121,0))} -> Alpha | D17: {=INDEX(Raw_Data!$E$2:$E$121,MATCH(E17,Raw_Data!$F$2:$F$121,0))} -> ESP | E17: =LARGE(Raw_Data!$F$2:$F$121,8) -> 763.3
A18: 9 | B18: {=INDEX(Raw_Data!$A$2:$A$121,MATCH(E18,Raw_Data!$F$2:$F$121,0))} -> W-030 | C18: {=INDEX(Raw_Data!$B$2:$B$121,MATCH(E18,Raw_Data!$F$2:$F$121,0))} -> Alpha | D18: {=INDEX(Raw_Data!$E$2:$E$121,MATCH(E18,Raw_Data!$F$2:$F$121,0))} -> ESP | E18: =LARGE(Raw_Data!$F$2:$F$121,9) -> 758.3
A19: 10 | B19: {=INDEX(Raw_Data!$A$2:$A$121,MATCH(E19,Raw_Data!$F$2:$F$121,0))} -> W-087 | C19: {=INDEX(Raw_Data!$B$2:$B$121,MATCH(E19,Raw_Data!$F$2:$F$121,0))} -> Alpha | D19: {=INDEX(Raw_Data!$E$2:$E$121,MATCH(E19,Raw_Data!$F$2:$F$121,0))} -> ESP | E19: =LARGE(Raw_Data!$F$2:$F$121,10) -> 743.5
A22: BOTTOM 10 WELLS BY OIL PRODUCTION
A23: Rank | B23: Well ID | C23: Field | D23: Pump Type | E23: Oil (bbl/day)
A24: 1 | B24: {=INDEX(Raw_Data!$A$2:$A$121,MATCH(E24,Raw_Data!$F$2:$F$121,0))} -> W-056 | C24: {=INDEX(Raw_Data!$B$2:$B$121,MATCH(E24,Raw_Data!$F$2:$F$121,0))} -> Charlie | D24: {=INDEX(Raw_Data!$E$2:$E$121,MATCH(E24,Raw_Data!$F$2:$F$121,0))} -> Rod Pump | E24: =SMALL(Raw_Data!$F$2:$F$121,1) -> 61.2
A25: 2 | B25: {=INDEX(Raw_Data!$A$2:$A$121,MATCH(E25,Raw_Data!$F$2:$F$121,0))} -> W-012 | C25: {=INDEX(Raw_Data!$B$2:$B$121,MATCH(E25,Raw_Data!$F$2:$F$121,0))} -> Alpha | D25: {=INDEX(Raw_Data!$E$2:$E$121,MATCH(E25,Raw_Data!$F$2:$F$121,0))} -> Rod Pump | E25: =SMALL(Raw_Data!$F$2:$F$121,2) -> 84.7
A26: 3 | B26: {=INDEX(Raw_Data!$A$2:$A$121,MATCH(E26,Raw_Data!$F$2:$F$121,0))} -> W-035 | C26: {=INDEX(Raw_Data!$B$2:$B$121,MATCH(E26,Raw_Data!$F$2:$F$121,0))} -> Charlie | D26: {=INDEX(Raw_Data!$E$2:$E$121,MATCH(E26,Raw_Data!$F$2:$F$121,0))} -> Rod Pump | E26: =SMALL(Raw_Data!$F$2:$F$121,3) -> 86.2
A27: 4 | B27: {=INDEX(Raw_Data!$A$2:$A$121,MATCH(E27,Raw_Data!$F$2:$F$121,0))} -> W-051 | C27: {=INDEX(Raw_Data!$B$2:$B$121,MATCH(E27,Raw_Data!$F$2:$F$121,0))} -> Charlie | D27: {=INDEX(Raw_Data!$E$2:$E$121,MATCH(E27,Raw_Data!$F$2:$F$121,0))} -> Rod Pump | E27: =SMALL(Raw_Data!$F$2:$F$121,4) -> 86.9
A28: 5 | B28: {=INDEX(Raw_Data!$A$2:$A$121,MATCH(E28,Raw_Data!$F$2:$F$121,0))} -> W-065 | C28: {=INDEX(Raw_Data!$B$2:$B$121,MATCH(E28,Raw_Data!$F$2:$F$121,0))} -> Alpha | D28: {=INDEX(Raw_Data!$E$2:$E$121,MATCH(E28,Raw_Data!$F$2:$F$121,0))} -> Rod Pump | E28: =SMALL(Raw_Data!$F$2:$F$121,5) -> 88.6
A29: 6 | B29: {=INDEX(Raw_Data!$A$2:$A$121,MATCH(E29,Raw_Data!$F$2:$F$121,0))} -> W-073 | C29: {=INDEX(Raw_Data!$B$2:$B$121,MATCH(E29,Raw_Data!$F$2:$F$121,0))} -> Bravo | D29: {=INDEX(Raw_Data!$E$2:$E$121,MATCH(E29,Raw_Data!$F$2:$F$121,0))} -> Rod Pump | E29: =SMALL(Raw_Data!$F$2:$F$121,6) -> 105.3
A30: 7 | B30: {=INDEX(Raw_Data!$A$2:$A$121,MATCH(E30,Raw_Data!$F$2:$F$121,0))} -> W-117 | C30: {=INDEX(Raw_Data!$B$2:$B$121,MATCH(E30,Raw_Data!$F$2:$F$121,0))} -> Alpha | D30: {=INDEX(Raw_Data!$E$2:$E$121,MATCH(E30,Raw_Data!$F$2:$F$121,0))} -> Rod Pump | E30: =SMALL(Raw_Data!$F$2:$F$121,7) -> 110.6
A31: 8 | B31: {=INDEX(Raw_Data!$A$2:$A$121,MATCH(E31,Raw_Data!$F$2:$F$121,0))} -> W-060 | C31: {=INDEX(Raw_Data!$B$2:$B$121,MATCH(E31,Raw_Data!$F$2:$F$121,0))} -> Charlie | D31: {=INDEX(Raw_Data!$E$2:$E$121,MATCH(E31,Raw_Data!$F$2:$F$121,0))} -> Rod Pump | E31: =SMALL(Raw_Data!$F$2:$F$121,8) -> 121.4
A32: 9 | B32: {=INDEX(Raw_Data!$A$2:$A$121,MATCH(E32,Raw_Data!$F$2:$F$121,0))} -> W-083 | C32: {=INDEX(Raw_Data!$B$2:$B$121,MATCH(E32,Raw_Data!$F$2:$F$121,0))} -> Charlie | D32: {=INDEX(Raw_Data!$E$2:$E$121,MATCH(E32,Raw_Data!$F$2:$F$121,0))} -> Gas Lift | E32: =SMALL(Raw_Data!$F$2:$F$121,9) -> 139.4
A33: 10 | B33: {=INDEX(Raw_Data!$A$2:$A$121,MATCH(E33,Raw_Data!$F$2:$F$121,0))} -> W-003 | C33: {=INDEX(Raw_Data!$B$2:$B$121,MATCH(E33,Raw_Data!$F$2:$F$121,0))} -> Charlie | D33: {=INDEX(Raw_Data!$E$2:$E$121,MATCH(E33,Raw_Data!$F$2:$F$121,0))} -> Rod Pump | E33: =SMALL(Raw_Data!$F$2:$F$121,10) -> 146.6

Sheet Raw_Data
A1: Well ID | B1: Field | C1: Reservoir | D1: Completion Type | E1: Pump Type | F1: Oil (bbl/day) | G1: Gas (Mscf/day) | H1: Water (bbl/day) | I1: Water Cut (%) | J1: Pressure (psi) | K1: Temperature (F) | L1: Status | M1: Last Maintenance Date | N1: Downtime (hrs) | O1: Operating Cost ($/day)
A2: W-001 | B2: Charlie | C2: Sand A | D2: Vertical | E2: Gas Lift | F2: 414 | G2: 277.2 | H2: 184.3 | I2: 30.8 | J2: 3406 | K2: 173.8 | L2: Active | M2: 2026-02-25 | N2: 10.2 | O2: 3945.44
A3: W-002 | B3: Alpha | C3: Carbonate C | D3: Horizontal | E3: ESP | F3: 504.5 | G3: 415 | H3: 211.1 | I3: 29.5 | J3: 2609 | K3: 209.5 | L3: Active | M3: 2026-02-10 | N3: 6.3 | O3: 3785.77
A4: W-003 | B4: Charlie | C4: Sand B | D4: Deviated | E4: Rod Pump | F4: 146.6 | G4: 187.4 | H4: 29.6 | I4: 16.8 | J4: 1974 | K4: 188.3 | L4: Active | M4: 2026-04-28 | N4: 1.4 | O4: 5181.55
A5: W-004 | B5: Charlie | C5: Sand A | D5: Deviated | E5: ESP | F5: 719.9 | G5: 837.7 | H5: 260.9 | I5: 26.6 | J5: 2839 | K5: 143.7 | L5: Active | M5: 2026-03-16 | N5: 12.9 | O5: 4334.6
A6: W-005 | B6: Alpha | C6: Sand A | D6: Vertical | E6: Rod Pump | F6: 210.9 | G6: 171.6 | H6: 45.7 | I6: 17.8 | J6: 2177 | K6: 214.9 | L6: Active | M6: 2026-06-05 | N6: 5.6 | O6: 3633.49
A7: W-006 | B7: Charlie | C7: Sand A | D7: Horizontal | E7: Gas Lift | F7: 400.1 | G7: 310.4 | H7: 67.3 | I7: 14.4 | J7: 3039 | K7: 165.9 | L7: Active | M7: 2026-01-15 | N7: 13.9 | O7: 5300.73
A8: W-007 | B8: Alpha | C8: Sand A | D8: Deviated | E8: Rod Pump | F8: 207.4 | G8: 233.2 | H8: 127.1 | I8: 38 | J8: 2366 | K8: 171.7 | L8: Active | M8: 2026-04-28 | N8: 13.1 | O8: 4087.12
A9: W-008 | B9: Alpha | C9: Sand B | D9: Vertical | E9: ESP | F9: 722.5 | G9: 642.7 | H9: 326.1 | I9: 31.1 | J9: 2850 | K9: 219.8 | L9: Active | M9: 2026-05-07 | N9: 6.4 | O9: 2993.06
A10: W-009 | B10: Alpha | C10: Sand A | D10: Vertical | E10: ESP | F10: 763.3 | G10: 1066.3 | H10: 188.4 | I10: 19.8 | J10: 2487 | K10: 182.3 | L10: Active | M10: 2026-01-03 | N10: 1 | O10: 3977.98
A11: W-010 | B11: Charlie | C11: Carbonate C | D11: Vertical | E11: Gas Lift | F11: 483.1 | G11: 351 | H11: 226.3 | I11: 31.9 | J11: 2328 | K11: 140.3 | L11: Active | M11: 2026-03-09 | N11: 5.1 | O11: 5087.38
A12: W-011 | B12: Charlie | C12: Sand A | D12: Horizontal | E12: ESP | F12: 903 | G12: 1092.6 | H12: 340.8 | I12: 27.4 | J12: 2075 | K12: 183.2 | L12: Active | M12: 2026-05-16 | N12: 9.1 | O12: 5246.88
A13: W-012 | B13: Alpha | C13: Carbonate C | D13: Deviated | E13: Rod Pump | F13: 84.7 | G13: 54.7 | H13: 47.2 | I13: 35.8 | J13: 2354 | K13: 210.2 | L13: Active | M13: 2026-01-22 | N13: 12.5 | O13: 4119.6
... A121: W-120 | B121: Alpha | C121: Sand A | D121: Horizontal | E121: Gas Lift | F121: 567.6 | G121: 448.8 | H121: 269.6 | I121: 32.2 | J121: 2019 | K121: 191.1 | L121: Active | M121: 2026-01-17 | N121: 3.6 | O121: 3571.2

Sheet Field_Summary
A1: Field | B1: Total Oil (bbl/day) | C1: Total Gas (Mscf/day) | D1: Total Water (bbl/day) | E1: Avg Water Cut (%) | F1: Avg Pressure (psi) | G1: Well Count
A2: Alpha | B2: =SUMIF(Raw_Data!$B$2:$B$121,$A2,Raw_Data!$F$2:$F$121) -> 19121.3 | C2: =SUMIF(Raw_Data!$B$2:$B$121,$A2,Raw_Data!$G$2:$G$121) -> 19213.2 | D2: =SUMIF(Raw_Data!$B$2:$B$121,$A2,Raw_Data!$H$2:$H$121) -> 7937.4 | E2: =AVERAGEIF(Raw_Data!$B$2:$B$121,$A2,Raw_Data!$I$2:$I$121) -> 28.736364 | F2: =AVERAGEIF(Raw_Data!$B$2:$B$121,$A2,Raw_Data!$J$2:$J$121) -> 2471.6818 | G2: =COUNTIF(Raw_Data!$B$2:$B$121,$A2) -> 44
A3: Bravo | B3: =SUMIF(Raw_Data!$B$2:$B$121,$A3,Raw_Data!$F$2:$F$121) -> 15219.1 | C3: =SUMIF(Raw_Data!$B$2:$B$121,$A3,Raw_Data!$G$2:$G$121) -> 14368.7 | D3: =SUMIF(Raw_Data!$B$2:$B$121,$A3,Raw_Data!$H$2:$H$121) -> 8084.6 | E3: =AVERAGEIF(Raw_Data!$B$2:$B$121,$A3,Raw_Data!$I$2:$I$121) -> 33.72973 | F3: =AVERAGEIF(Raw_Data!$B$2:$B$121,$A3,Raw_Data!$J$2:$J$121) -> 2355.7297 | G3: =COUNTIF(Raw_Data!$B$2:$B$121,$A3) -> 37
A4: Charlie | B4: =SUMIF(Raw_Data!$B$2:$B$121,$A4,Raw_Data!$F$2:$F$121) -> 15611.8 | C4: =SUMIF(Raw_Data!$B$2:$B$121,$A4,Raw_Data!$G$2:$G$121) -> 16211.3 | D4: =SUMIF(Raw_Data!$B$2:$B$121,$A4,Raw_Data!$H$2:$H$121) -> 7468.7 | E4: =AVERAGEIF(Raw_Data!$B$2:$B$121,$A4,Raw_Data!$I$2:$I$121) -> 29.710256 | F4: =AVERAGEIF(Raw_Data!$B$2:$B$121,$A4,Raw_Data!$J$2:$J$121) -> 2367.641 | G4: =COUNTIF(Raw_Data!$B$2:$B$121,$A4) -> 39

Sheet PumpType_Summary
A1: Pump Type | B1: Avg Oil (bbl/day) | C1: Total Oil (bbl/day) | D1: Avg Water Cut (%) | E1: Well Count
A2: ESP | B2: =AVERAGEIF(Raw_Data!$E$2:$E$121,$A2,Raw_Data!$F$2:$F$121) -> 558.68824 | C2: =SUMIF(Raw_Data!$E$2:$E$121,$A2,Raw_Data!$F$2:$F$121) -> 28493.1 | D2: =AVERAGEIF(Raw_Data!$E$2:$E$121,$A2,Raw_Data!$I$2:$I$121) -> 28.262745 | E2: =COUNTIF(Raw_Data!$E$2:$E$121,$A2) -> 51
A3: Rod Pump | B3: =AVERAGEIF(Raw_Data!$E$2:$E$121,$A3,Raw_Data!$F$2:$F$121) -> 223.77059 | C3: =SUMIF(Raw_Data!$E$2:$E$121,$A3,Raw_Data!$F$2:$F$121) -> 7608.2 | D3: =AVERAGEIF(Raw_Data!$E$2:$E$121,$A3,Raw_Data!$I$2:$I$121) -> 33.647059 | E3: =COUNTIF(Raw_Data!$E$2:$E$121,$A3) -> 34
A4: Gas Lift | B4: =AVERAGEIF(Raw_Data!$E$2:$E$121,$A4,Raw_Data!$F$2:$F$121) -> 395.74 | C4: =SUMIF(Raw_Data!$E$2:$E$121,$A4,Raw_Data!$F$2:$F$121) -> 13850.9 | D4: =AVERAGEIF(Raw_Data!$E$2:$E$121,$A4,Raw_Data!$I$2:$I$121) -> 31.02 | E4: =COUNTIF(Raw_Data!$E$2:$E$121,$A4) -> 35

Sheet Field_Pump_Summary
A1: Field | B1: Pump Type | C1: Total Oil (bbl/day) | D1: Total Water (bbl/day) | E1: Avg Pressure (psi)
A2: Alpha | B2: ESP | C2: =SUMIFS(Raw_Data!$F$2:$F$121,Raw_Data!$B$2:$B$121,$A2,Raw_Data!$E$2:$E$121,$B2) -> 11777.8 | D2: =SUMIFS(Raw_Data!$H$2:$H$121,Raw_Data!$B$2:$B$121,$A2,Raw_Data!$E$2:$E$121,$B2) -> 4343.6 | E2: =AVERAGEIFS(Raw_Data!$J$2:$J$121,Raw_Data!$B$2:$B$121,$A2,Raw_Data!$E$2:$E$121,$B2) -> 2572.2778
A3: Alpha | B3: Rod Pump | C3: =SUMIFS(Raw_Data!$F$2:$F$121,Raw_Data!$B$2:$B$121,$A3,Raw_Data!$E$2:$E$121,$B3) -> 3288.2 | D3: =SUMIFS(Raw_Data!$H$2:$H$121,Raw_Data!$B$2:$B$121,$A3,Raw_Data!$E$2:$E$121,$B3) -> 1699.3 | E3: =AVERAGEIFS(Raw_Data!$J$2:$J$121,Raw_Data!$B$2:$B$121,$A3,Raw_Data!$E$2:$E$121,$B3) -> 2340.1429
A4: Alpha | B4: Gas Lift | C4: =SUMIFS(Raw_Data!$F$2:$F$121,Raw_Data!$B$2:$B$121,$A4,Raw_Data!$E$2:$E$121,$B4) -> 4055.3 | D4: =SUMIFS(Raw_Data!$H$2:$H$121,Raw_Data!$B$2:$B$121,$A4,Raw_Data!$E$2:$E$121,$B4) -> 1894.5 | E4: =AVERAGEIFS(Raw_Data!$J$2:$J$121,Raw_Data!$B$2:$B$121,$A4,Raw_Data!$E$2:$E$121,$B4) -> 2474.25
A5: Bravo | B5: ESP | C5: =SUMIFS(Raw_Data!$F$2:$F$121,Raw_Data!$B$2:$B$121,$A5,Raw_Data!$E$2:$E$121,$B5) -> 9040.1 | D5: =SUMIFS(Raw_Data!$H$2:$H$121,Raw_Data!$B$2:$B$121,$A5,Raw_Data!$E$2:$E$121,$B5) -> 3979.2 | E5: =AVERAGEIFS(Raw_Data!$J$2:$J$121,Raw_Data!$B$2:$B$121,$A5,Raw_Data!$E$2:$E$121,$B5) -> 2428.5556
A6: Bravo | B6: Rod Pump | C6: =SUMIFS(Raw_Data!$F$2:$F$121,Raw_Data!$B$2:$B$121,$A6,Raw_Data!$E$2:$E$121,$B6) -> 2369.3 | D6: =SUMIFS(Raw_Data!$H$2:$H$121,Raw_Data!$B$2:$B$121,$A6,Raw_Data!$E$2:$E$121,$B6) -> 1575.3 | E6: =AVERAGEIFS(Raw_Data!$J$2:$J$121,Raw_Data!$B$2:$B$121,$A6,Raw_Data!$E$2:$E$121,$B6) -> 2480.1
A7: Bravo | B7: Gas Lift | C7: =SUMIFS(Raw_Data!$F$2:$F$121,Raw_Data!$B$2:$B$121,$A7,Raw_Data!$E$2:$E$121,$B7) -> 3809.7 | D7: =SUMIFS(Raw_Data!$H$2:$H$121,Raw_Data!$B$2:$B$121,$A7,Raw_Data!$E$2:$E$121,$B7) -> 2530.1 | E7: =AVERAGEIFS(Raw_Data!$J$2:$J$121,Raw_Data!$B$2:$B$121,$A7,Raw_Data!$E$2:$E$121,$B7) -> 2071.8889
A8: Charlie | B8: ESP | C8: =SUMIFS(Raw_Data!$F$2:$F$121,Raw_Data!$B$2:$B$121,$A8,Raw_Data!$E$2:$E$121,$B8) -> 7675.2 | D8: =SUMIFS(Raw_Data!$H$2:$H$121,Raw_Data!$B$2:$B$121,$A8,Raw_Data!$E$2:$E$121,$B8) -> 3329.5 | E8: =AVERAGEIFS(Raw_Data!$J$2:$J$121,Raw_Data!$B$2:$B$121,$A8,Raw_Data!$E$2:$E$121,$B8) -> 2380
A9: Charlie | B9: Rod Pump | C9: =SUMIFS(Raw_Data!$F$2:$F$121,Raw_Data!$B$2:$B$121,$A9,Raw_Data!$E$2:$E$121,$B9) -> 1950.7 | D9: =SUMIFS(Raw_Data!$H$2:$H$121,Raw_Data!$B$2:$B$121,$A9,Raw_Data!$E$2:$E$121,$B9) -> 1290.4 | E9: =AVERAGEIFS(Raw_Data!$J$2:$J$121,Raw_Data!$B$2:$B$121,$A9,Raw_Data!$E$2:$E$121,$B9) -> 2240.7
A10: Charlie | B10: Gas Lift | C10: =SUMIFS(Raw_Data!$F$2:$F$121,Raw_Data!$B$2:$B$121,$A10,Raw_Data!$E$2:$E$121,$B10) -> 5985.9 | D10: =SUMIFS(Raw_Data!$H$2:$H$121,Raw_Data!$B$2:$B$121,$A10,Raw_Data!$E$2:$E$121,$B10) -> 2848.8 | E10: =AVERAGEIFS(Raw_Data!$J$2:$J$121,Raw_Data!$B$2:$B$121,$A10,Raw_Data!$E$2:$E$121,$B10) -> 2445.0714

Sheet KPIs
A1: KPI | B1: Value
A2: Total Oil Production (bbl/day) | B2: =SUM(Raw_Data!F2:F121) -> 49952.2
A3: Total Gas Production (Mscf/day) | B3: =SUM(Raw_Data!G2:G121) -> 49793.2
A4: Average Water Cut (%) | B4: =AVERAGE(Raw_Data!I2:I121) -> 30.5925
A5: Average Pressure (psi) | B5: =AVERAGE(Raw_Data!J2:J121) -> 2402.1167
A6: Highest Producing Well | B6: {=INDEX(Raw_Data!A2:A121,MATCH(MAX(Raw_Data!F2:F121),Raw_Data!F2:F121,0))} -> W-019
A7: Highest Producer Rate (bbl/day) | B7: =MAX(Raw_Data!F2:F121) -> 969.1
A8: Lowest Producing Well | B8: {=INDEX(Raw_Data!A2:A121,MATCH(MIN(Raw_Data!F2:F121),Raw_Data!F2:F121,0))} -> W-056
A9: Lowest Producer Rate (bbl/day) | B9: =MIN(Raw_Data!F2:F121) -> 61.2
A10: Number of Active Wells | B10: =COUNTIF(Raw_Data!L2:L121,"Active") -> 114
A11: Number of Shut-in Wells | B11: =COUNTIF(Raw_Data!L2:L121,"Shut-in") -> 6
A12: Average Downtime (hrs) | B12: =AVERAGE(Raw_Data!N2:N121) -> 17.281667
A13: Average Operating Cost ($/day) | B13: =AVERAGE(Raw_Data!O2:O121) -> 4173.521
A14: Wells Needing Intervention (Water Cut > 50% OR Downtime > 25 hrs) | B14: =SUMPRODUCT((Raw_Data!I2:I121>50)+(Raw_Data!N2:N121>25)>0) -> 20

Sheet Charts
J1: Status | K1: Count
J2: Active | K2: =COUNTIF(Raw_Data!L2:L121,"Active") -> 114
J3: Shut-in | K3: =COUNTIF(Raw_Data!L2:L121,"Shut-in") -> 6
